{"src/helpdesk/forms/mainform.php":{"_objects":{"image4":{"id":"image4","type":"ide\\formats\\form\\elements\\ImageViewFormElement","version":0,"data":{"image":".data/img/bg_blue.jpg"}},"image3":{"id":"image3","type":"ide\\formats\\form\\elements\\ImageViewFormElement","version":0,"data":{"image":".data/img/bg_blue.jpg"}},"topic":{"id":"topic","type":"ide\\formats\\form\\elements\\ComboBoxFormElement","version":0,"data":[]},"mesag":{"id":"mesag","type":"ide\\formats\\form\\elements\\TextAreaFormElement","version":0,"data":[]},"email":{"id":"email","type":"ide\\formats\\form\\elements\\TextFieldFormElement","version":0,"data":[]},"labeltopic":{"id":"labeltopic","type":"ide\\formats\\form\\elements\\LabelFormElement","version":0,"data":[]},"name":{"id":"name","type":"ide\\formats\\form\\elements\\TextFieldFormElement","version":0,"data":[]},"numcab":{"id":"numcab","type":"ide\\formats\\form\\elements\\TextFieldFormElement","version":0,"data":[]},"labelnum":{"id":"labelnum","type":"ide\\formats\\form\\elements\\LabelFormElement","version":0,"data":[]},"labelname":{"id":"labelname","type":"ide\\formats\\form\\elements\\LabelFormElement","version":0,"data":[]},"labelemail":{"id":"labelemail","type":"ide\\formats\\form\\elements\\LabelFormElement","version":0,"data":[]},"copy":{"id":"copy","type":"ide\\formats\\form\\elements\\LabelFormElement","version":0,"data":[]},"goMessage":{"id":"goMessage","type":"ide\\formats\\form\\elements\\FlatButtonFormElement","version":0,"data":[]},"phone":{"id":"phone","type":"ide\\formats\\form\\elements\\TextFieldFormElement","version":0,"data":[]},"tvid":{"id":"tvid","type":"ide\\formats\\form\\elements\\TextFieldFormElement","version":0,"data":[]},"labeltel":{"id":"labeltel","type":"ide\\formats\\form\\elements\\LabelFormElement","version":0,"data":[]},"labeltvid":{"id":"labeltvid","type":"ide\\formats\\form\\elements\\LabelFormElement","version":0,"data":[]},"optionb":{"id":"optionb","type":"ide\\formats\\form\\elements\\ButtonFormElement","version":0,"data":[]},"button":{"id":"button","type":"ide\\formats\\form\\elements\\ButtonFormElement","version":0,"data":[]},"gplay":{"id":"gplay","type":"ide\\formats\\form\\elements\\ButtonFormElement","version":0,"data":[]},"image":{"id":"image","type":"ide\\formats\\form\\elements\\ImageViewFormElement","version":0,"data":{"image":".data/img/ava21.png"}},"labelh1":{"id":"labelh1","type":"ide\\formats\\form\\elements\\LabelFormElement","version":0,"data":[]},"labelhh1":{"id":"labelhh1","type":"ide\\formats\\form\\elements\\LabelFormElement","version":0,"data":[]}}},"src/helpdesk/forms/mob.php":{"_objects":{"image":{"id":"image","type":"ide\\formats\\form\\elements\\ImageViewFormElement","version":0,"data":{"image":".data/img/bg_blue.jpg"}},"imageAlt":{"id":"imageAlt","type":"ide\\formats\\form\\elements\\ImageViewFormElement","version":0,"data":{"image":".data/img/qr-code2.gif"}},"label":{"id":"label","type":"ide\\formats\\form\\elements\\LabelFormElement","version":0,"data":[]},"labelAlt":{"id":"labelAlt","type":"ide\\formats\\form\\elements\\LabelFormElement","version":0,"data":[]},"label3":{"id":"label3","type":"ide\\formats\\form\\elements\\LabelFormElement","version":0,"data":[]},"label4":{"id":"label4","type":"ide\\formats\\form\\elements\\LabelFormElement","version":0,"data":[]},"rect":{"id":"rect","type":"ide\\formats\\form\\elements\\RectangleFormElement","version":0,"data":[]},"link":{"id":"link","type":"ide\\formats\\form\\elements\\HyperlinkFormElement","version":0,"data":[]},"label5":{"id":"label5","type":"ide\\formats\\form\\elements\\LabelFormElement","version":0,"data":[]},"goFuture3":{"id":"goFuture3","type":"ide\\formats\\form\\elements\\FlatButtonFormElement","version":0,"data":[]}}},"src/helpdesk/forms/option.php":{"_objects":{"imageAlt":{"id":"imageAlt","type":"ide\\formats\\form\\elements\\ImageViewFormElement","version":0,"data":{"image":".data/img/bg_blue.jpg"}},"image":{"id":"image","type":"ide\\formats\\form\\elements\\ImageViewFormElement","version":0,"data":{"image":".data/img/bg_blue.jpg"}},"labelname":{"id":"labelname","type":"ide\\formats\\form\\elements\\LabelFormElement","version":0,"data":[]},"cname":{"id":"cname","type":"ide\\formats\\form\\elements\\TextFieldFormElement","version":0,"data":[]},"labelemail":{"id":"labelemail","type":"ide\\formats\\form\\elements\\LabelFormElement","version":0,"data":[]},"cemail":{"id":"cemail","type":"ide\\formats\\form\\elements\\TextFieldFormElement","version":0,"data":[]},"labelnum":{"id":"labelnum","type":"ide\\formats\\form\\elements\\LabelFormElement","version":0,"data":[]},"cid":{"id":"cid","type":"ide\\formats\\form\\elements\\TextFieldFormElement","version":0,"data":[]},"labeltel":{"id":"labeltel","type":"ide\\formats\\form\\elements\\LabelFormElement","version":0,"data":[]},"cphone":{"id":"cphone","type":"ide\\formats\\form\\elements\\TextFieldFormElement","version":0,"data":[]},"labeluserconf":{"id":"labeluserconf","type":"ide\\formats\\form\\elements\\LabelFormElement","version":0,"data":[]},"labelconn":{"id":"labelconn","type":"ide\\formats\\form\\elements\\LabelFormElement","version":0,"data":[]},"ctoken":{"id":"ctoken","type":"ide\\formats\\form\\elements\\TextFieldFormElement","version":0,"data":[]},"labeltgbt":{"id":"labeltgbt","type":"ide\\formats\\form\\elements\\LabelFormElement","version":0,"data":[]},"labeltgchat":{"id":"labeltgchat","type":"ide\\formats\\form\\elements\\LabelFormElement","version":0,"data":[]},"cchatid":{"id":"cchatid","type":"ide\\formats\\form\\elements\\TextFieldFormElement","version":0,"data":[]},"labelmailurl":{"id":"labelmailurl","type":"ide\\formats\\form\\elements\\LabelFormElement","version":0,"data":[]},"cserver":{"id":"cserver","type":"ide\\formats\\form\\elements\\TextFieldFormElement","version":0,"data":[]},"goFuture":{"id":"goFuture","type":"ide\\formats\\form\\elements\\FlatButtonFormElement","version":0,"data":[]},"saveINI":{"id":"saveINI","type":"ide\\formats\\form\\elements\\FlatButtonFormElement","version":0,"data":[]},"serveremails":{"id":"serveremails","type":"ide\\formats\\form\\elements\\TextFieldFormElement","version":0,"data":[]},"label":{"id":"label","type":"ide\\formats\\form\\elements\\LabelFormElement","version":0,"data":[]}}},"src/helpdesk/forms/setting.php":{"_objects":{"imageAlt":{"id":"imageAlt","type":"ide\\formats\\form\\elements\\ImageViewFormElement","version":0,"data":{"image":".data/img/bg_blue.jpg"}},"label5":{"id":"label5","type":"ide\\formats\\form\\elements\\LabelFormElement","version":0,"data":[]},"image":{"id":"image","type":"ide\\formats\\form\\elements\\ImageViewFormElement","version":0,"data":{"image":".data/img/ava.png"}},"label":{"id":"label","type":"ide\\formats\\form\\elements\\LabelFormElement","version":0,"data":[]},"labelAlt":{"id":"labelAlt","type":"ide\\formats\\form\\elements\\LabelFormElement","version":0,"data":[]},"label3":{"id":"label3","type":"ide\\formats\\form\\elements\\LabelFormElement","version":0,"data":[]},"goFuture2":{"id":"goFuture2","type":"ide\\formats\\form\\elements\\FlatButtonFormElement","version":0,"data":[]}}},"src/helpdesk/modules/appmodule.php":{"_objects":[]},"src/helpdesk/modules/mainmodule.php":{"_objects":{"ini":{"id":"ini","type":"ide\\scripts\\elements\\IniStorageComponent"}}}}